2020-10-16,ALIM,115.9,"Ticker
    56.51
Name: 2020-10-16 00:00:00, dtype: float64","Ticker
    0.66
Name: 2020-10-16 00:00:00, dtype: float64",1,"Ticker
AAPL   -3.34
Name: 2020-10-23 00:00:00, dtype: float64"
2020-10-30,ALIM,106.01,"Ticker
    24.22
Name: 2020-10-30 00:00:00, dtype: float64","Ticker
   -0.86
Name: 2020-10-30 00:00:00, dtype: float64",1,"Ticker
AAPL    9.22
Name: 2020-11-06 00:00:00, dtype: float64"
2020-11-06,ALIM,115.78,"Ticker
    54.55
Name: 2020-11-06 00:00:00, dtype: float64","Ticker
    0.26
Name: 2020-11-06 00:00:00, dtype: float64",1,"Ticker
AAPL    0.48
Name: 2020-11-13 00:00:00, dtype: float64"
2020-11-13,ALIM,116.34,"Ticker
    56.38
Name: 2020-11-13 00:00:00, dtype: float64","Ticker
    0.61
Name: 2020-11-13 00:00:00, dtype: float64",1,"Ticker
AAPL   -1.61
Name: 2020-11-20 00:00:00, dtype: float64"
2020-11-20,ALIM,114.47,"Ticker
    69.75
Name: 2020-11-20 00:00:00, dtype: float64","Ticker
    0.18
Name: 2020-11-20 00:00:00, dtype: float64",1,"Ticker
AAPL    1.46
Name: 2020-11-30 00:00:00, dtype: float64"
2020-12-07,ALIM,120.72,"Ticker
    58.97
Name: 2020-12-07 00:00:00, dtype: float64","Ticker
    0.61
Name: 2020-12-07 00:00:00, dtype: float64",1,"Ticker
AAPL   -1.59
Name: 2020-12-14 00:00:00, dtype: float64"
2020-12-14,ALIM,118.8,"Ticker
    72.39
Name: 2020-12-14 00:00:00, dtype: float64","Ticker
    0.11
Name: 2020-12-14 00:00:00, dtype: float64",1,"Ticker
AAPL    5.3
Name: 2020-12-21 00:00:00, dtype: float64"
2020-12-21,ALIM,125.09,"Ticker
    64.12
Name: 2020-12-21 00:00:00, dtype: float64","Ticker
    0.47
Name: 2020-12-21 00:00:00, dtype: float64",1,"Ticker
AAPL    5.18
Name: 2020-12-29 00:00:00, dtype: float64"
2020-12-29,ALIM,131.57,"Ticker
    68.53
Name: 2020-12-29 00:00:00, dtype: float64","Ticker
    0.84
Name: 2020-12-29 00:00:00, dtype: float64",1,"Ticker
AAPL   -6.13
Name: 2021-01-06 00:00:00, dtype: float64"
2021-01-28,ALIM,133.73,"Ticker
    59.55
Name: 2021-01-28 00:00:00, dtype: float64","Ticker
    0.72
Name: 2021-01-28 00:00:00, dtype: float64",1,"Ticker
AAPL    0.22
Name: 2021-02-04 00:00:00, dtype: float64"
2021-02-26,ALIM,118.47,"Ticker
    4.78
Name: 2021-02-26 00:00:00, dtype: float64","Ticker
   -1.64
Name: 2021-02-26 00:00:00, dtype: float64",1,"Ticker
AAPL    0.13
Name: 2021-03-05 00:00:00, dtype: float64"
2021-03-05,ALIM,118.62,"Ticker
    27.09
Name: 2021-03-05 00:00:00, dtype: float64","Ticker
   -0.88
Name: 2021-03-05 00:00:00, dtype: float64",1,"Ticker
AAPL   -0.32
Name: 2021-03-12 00:00:00, dtype: float64"
2021-03-19,ALIM,117.23,"Ticker
    38.14
Name: 2021-03-19 00:00:00, dtype: float64","Ticker
    0.28
Name: 2021-03-19 00:00:00, dtype: float64",1,"Ticker
AAPL    1.02
Name: 2021-03-26 00:00:00, dtype: float64"
2021-03-26,ALIM,118.42,"Ticker
    59.09
Name: 2021-03-26 00:00:00, dtype: float64","Ticker
    0.26
Name: 2021-03-26 00:00:00, dtype: float64",1,"Ticker
AAPL    3.87
Name: 2021-04-05 00:00:00, dtype: float64"
2021-04-05,ALIM,123.0,"Ticker
    54.22
Name: 2021-04-05 00:00:00, dtype: float64","Ticker
    0.67
Name: 2021-04-05 00:00:00, dtype: float64",1,"Ticker
AAPL    4.24
Name: 2021-04-12 00:00:00, dtype: float64"
2021-04-12,ALIM,128.22,"Ticker
    68.74
Name: 2021-04-12 00:00:00, dtype: float64","Ticker
    1.42
Name: 2021-04-12 00:00:00, dtype: float64",1,"Ticker
AAPL    2.74
Name: 2021-04-19 00:00:00, dtype: float64"
2021-04-19,ALIM,131.73,"Ticker
    76.45
Name: 2021-04-19 00:00:00, dtype: float64","Ticker
    1.11
Name: 2021-04-19 00:00:00, dtype: float64",1,"Ticker
AAPL   -0.09
Name: 2021-04-26 00:00:00, dtype: float64"
2021-04-26,ALIM,131.62,"Ticker
    67.66
Name: 2021-04-26 00:00:00, dtype: float64","Ticker
    0.29
Name: 2021-04-26 00:00:00, dtype: float64",1,"Ticker
AAPL   -1.62
Name: 2021-05-03 00:00:00, dtype: float64"
2021-06-08,ALIM,124.03,"Ticker
    56.45
Name: 2021-06-08 00:00:00, dtype: float64","Ticker
    0.16
Name: 2021-06-08 00:00:00, dtype: float64",1,"Ticker
AAPL    2.29
Name: 2021-06-15 00:00:00, dtype: float64"
2021-06-15,ALIM,126.87,"Ticker
    59.29
Name: 2021-06-15 00:00:00, dtype: float64","Ticker
    0.61
Name: 2021-06-15 00:00:00, dtype: float64",1,"Ticker
AAPL    3.35
Name: 2021-06-22 00:00:00, dtype: float64"
2021-06-22,ALIM,131.12,"Ticker
    74.32
Name: 2021-06-22 00:00:00, dtype: float64","Ticker
    0.82
Name: 2021-06-22 00:00:00, dtype: float64",1,"Ticker
AAPL    1.75
Name: 2021-06-29 00:00:00, dtype: float64"
2021-06-29,ALIM,133.42,"Ticker
    76.56
Name: 2021-06-29 00:00:00, dtype: float64","Ticker
    0.67
Name: 2021-06-29 00:00:00, dtype: float64",1,"Ticker
AAPL    6.04
Name: 2021-07-07 00:00:00, dtype: float64"
2021-07-07,ALIM,141.48,"Ticker
    88.31
Name: 2021-07-07 00:00:00, dtype: float64","Ticker
    1.1
Name: 2021-07-07 00:00:00, dtype: float64",1,"Ticker
AAPL    3.17
Name: 2021-07-14 00:00:00, dtype: float64"
2021-07-14,ALIM,145.96,"Ticker
    87.66
Name: 2021-07-14 00:00:00, dtype: float64","Ticker
    0.95
Name: 2021-07-14 00:00:00, dtype: float64",1,"Ticker
AAPL   -2.51
Name: 2021-07-21 00:00:00, dtype: float64"
2021-09-01,ALIM,149.47,"Ticker
    59.02
Name: 2021-09-01 00:00:00, dtype: float64","Ticker
    0.16
Name: 2021-09-01 00:00:00, dtype: float64",1,"Ticker
AAPL    1.02
Name: 2021-09-09 00:00:00, dtype: float64"
2021-09-09,ALIM,151.0,"Ticker
    68.87
Name: 2021-09-09 00:00:00, dtype: float64","Ticker
    0.32
Name: 2021-09-09 00:00:00, dtype: float64",1,"Ticker
AAPL   -3.43
Name: 2021-09-16 00:00:00, dtype: float64"
2021-10-14,ALIM,140.9,"Ticker
    42.58
Name: 2021-10-14 00:00:00, dtype: float64","Ticker
    0.13
Name: 2021-10-14 00:00:00, dtype: float64",1,"Ticker
AAPL    3.98
Name: 2021-10-21 00:00:00, dtype: float64"
2021-10-21,ALIM,146.5,"Ticker
    68.35
Name: 2021-10-21 00:00:00, dtype: float64","Ticker
    1.05
Name: 2021-10-21 00:00:00, dtype: float64",1,"Ticker
AAPL    2.07
Name: 2021-10-28 00:00:00, dtype: float64"
2021-10-28,ALIM,149.53,"Ticker
    79.72
Name: 2021-10-28 00:00:00, dtype: float64","Ticker
    0.87
Name: 2021-10-28 00:00:00, dtype: float64",1,"Ticker
AAPL   -1.06
Name: 2021-11-04 00:00:00, dtype: float64"
2021-11-04,ALIM,147.95,"Ticker
    67.98
Name: 2021-11-04 00:00:00, dtype: float64","Ticker
    0.4
Name: 2021-11-04 00:00:00, dtype: float64",1,"Ticker
AAPL   -1.9
Name: 2021-11-11 00:00:00, dtype: float64"
2021-11-18,ALIM,154.95,"Ticker
    72.3
Name: 2021-11-18 00:00:00, dtype: float64","Ticker
    0.48
Name: 2021-11-18 00:00:00, dtype: float64",1,"Ticker
AAPL   -0.67
Name: 2021-11-26 00:00:00, dtype: float64"
2021-11-26,ALIM,153.91,"Ticker
    61.84
Name: 2021-11-26 00:00:00, dtype: float64","Ticker
    0.75
Name: 2021-11-26 00:00:00, dtype: float64",1,"Ticker
AAPL    3.21
Name: 2021-12-03 00:00:00, dtype: float64"
2021-12-03,ALIM,158.85,"Ticker
    70.41
Name: 2021-12-03 00:00:00, dtype: float64","Ticker
    0.48
Name: 2021-12-03 00:00:00, dtype: float64",1,"Ticker
AAPL    10.88
Name: 2021-12-10 00:00:00, dtype: float64"
2021-12-10,ALIM,176.13,"Ticker
    75.46
Name: 2021-12-10 00:00:00, dtype: float64","Ticker
    1.51
Name: 2021-12-10 00:00:00, dtype: float64",1,"Ticker
AAPL   -4.63
Name: 2021-12-17 00:00:00, dtype: float64"
2022-01-25,ALIM,156.83,"Ticker
    15.34
Name: 2022-01-25 00:00:00, dtype: float64","Ticker
   -2.08
Name: 2022-01-25 00:00:00, dtype: float64",1,"Ticker
AAPL    9.28
Name: 2022-02-01 00:00:00, dtype: float64"
2022-02-01,ALIM,171.38,"Ticker
    49.31
Name: 2022-02-01 00:00:00, dtype: float64","Ticker
    0.47
Name: 2022-02-01 00:00:00, dtype: float64",1,"Ticker
AAPL    0.25
Name: 2022-02-08 00:00:00, dtype: float64"
2022-02-08,ALIM,171.82,"Ticker
    64.18
Name: 2022-02-08 00:00:00, dtype: float64","Ticker
    0.88
Name: 2022-02-08 00:00:00, dtype: float64",1,"Ticker
AAPL   -1.17
Name: 2022-02-15 00:00:00, dtype: float64"
2022-02-15,ALIM,169.81,"Ticker
    67.61
Name: 2022-02-15 00:00:00, dtype: float64","Ticker
    0.13
Name: 2022-02-15 00:00:00, dtype: float64",1,"Ticker
AAPL   -7.36
Name: 2022-02-23 00:00:00, dtype: float64"
2022-02-23,ALIM,157.31,"Ticker
    26.51
Name: 2022-02-23 00:00:00, dtype: float64","Ticker
   -1.08
Name: 2022-02-23 00:00:00, dtype: float64",1,"Ticker
AAPL    4.05
Name: 2022-03-02 00:00:00, dtype: float64"
2022-03-23,ALIM,167.28,"Ticker
    54.31
Name: 2022-03-23 00:00:00, dtype: float64","Ticker
    1.53
Name: 2022-03-23 00:00:00, dtype: float64",1,"Ticker
AAPL    4.44
Name: 2022-03-30 00:00:00, dtype: float64"
2022-03-30,ALIM,174.71,"Ticker
    75.71
Name: 2022-03-30 00:00:00, dtype: float64","Ticker
    2.23
Name: 2022-03-30 00:00:00, dtype: float64",1,"Ticker
AAPL   -3.34
Name: 2022-04-06 00:00:00, dtype: float64"
2022-04-06,ALIM,168.87,"Ticker
    66.62
Name: 2022-04-06 00:00:00, dtype: float64","Ticker
    0.56
Name: 2022-04-06 00:00:00, dtype: float64",1,"Ticker
AAPL   -0.83
Name: 2022-04-13 00:00:00, dtype: float64"
2022-08-02,ALIM,157.48,"Ticker
    71.85
Name: 2022-08-02 00:00:00, dtype: float64","Ticker
    1.03
Name: 2022-08-02 00:00:00, dtype: float64",1,"Ticker
AAPL    3.21
Name: 2022-08-09 00:00:00, dtype: float64"
2022-08-09,ALIM,162.54,"Ticker
    72.7
Name: 2022-08-09 00:00:00, dtype: float64","Ticker
    0.69
Name: 2022-08-09 00:00:00, dtype: float64",1,"Ticker
AAPL    4.92
Name: 2022-08-16 00:00:00, dtype: float64"
2022-08-16,ALIM,170.53,"Ticker
    82.49
Name: 2022-08-16 00:00:00, dtype: float64","Ticker
    0.71
Name: 2022-08-16 00:00:00, dtype: float64",1,"Ticker
AAPL   -3.35
Name: 2022-08-23 00:00:00, dtype: float64"
2023-02-07,ALIM,152.67,"Ticker
    80.21
Name: 2023-02-07 00:00:00, dtype: float64","Ticker
    1.63
Name: 2023-02-07 00:00:00, dtype: float64",1,"Ticker
AAPL   -0.79
Name: 2023-02-14 00:00:00, dtype: float64"
2023-02-14,ALIM,151.47,"Ticker
    68.18
Name: 2023-02-14 00:00:00, dtype: float64","Ticker
    0.51
Name: 2023-02-14 00:00:00, dtype: float64",1,"Ticker
AAPL   -2.8
Name: 2023-02-22 00:00:00, dtype: float64"
2023-03-22,ALIM,156.05,"Ticker
    70.05
Name: 2023-03-22 00:00:00, dtype: float64","Ticker
    0.59
Name: 2023-03-22 00:00:00, dtype: float64",1,"Ticker
AAPL    1.86
Name: 2023-03-29 00:00:00, dtype: float64"
2023-03-29,ALIM,158.96,"Ticker
    71.07
Name: 2023-03-29 00:00:00, dtype: float64","Ticker
    0.33
Name: 2023-03-29 00:00:00, dtype: float64",1,"Ticker
AAPL    1.86
Name: 2023-04-05 00:00:00, dtype: float64"
2023-04-05,ALIM,161.91,"Ticker
    67.55
Name: 2023-04-05 00:00:00, dtype: float64","Ticker
    0.5
Name: 2023-04-05 00:00:00, dtype: float64",1,"Ticker
AAPL    1.1
Name: 2023-04-13 00:00:00, dtype: float64"
2023-05-11,ALIM,171.79,"Ticker
    68.77
Name: 2023-05-11 00:00:00, dtype: float64","Ticker
    0.31
Name: 2023-05-11 00:00:00, dtype: float64",1,"Ticker
AAPL    0.89
Name: 2023-05-18 00:00:00, dtype: float64"
2023-05-18,ALIM,173.31,"Ticker
    64.12
Name: 2023-05-18 00:00:00, dtype: float64","Ticker
    0.01
Name: 2023-05-18 00:00:00, dtype: float64",1,"Ticker
AAPL   -1.18
Name: 2023-05-25 00:00:00, dtype: float64"
2023-06-02,ALIM,179.16,"Ticker
    75.12
Name: 2023-06-02 00:00:00, dtype: float64","Ticker
    0.4
Name: 2023-06-02 00:00:00, dtype: float64",1,"Ticker
AAPL    0.01
Name: 2023-06-09 00:00:00, dtype: float64"
2023-06-09,ALIM,179.17,"Ticker
    64.98
Name: 2023-06-09 00:00:00, dtype: float64","Ticker
    0.13
Name: 2023-06-09 00:00:00, dtype: float64",1,"Ticker
AAPL    2.19
Name: 2023-06-16 00:00:00, dtype: float64"
2023-06-16,ALIM,183.09,"Ticker
    74.99
Name: 2023-06-16 00:00:00, dtype: float64","Ticker
    0.34
Name: 2023-06-16 00:00:00, dtype: float64",1,"Ticker
AAPL    0.19
Name: 2023-06-26 00:00:00, dtype: float64"
2023-07-03,ALIM,190.55,"Ticker
    71.26
Name: 2023-07-03 00:00:00, dtype: float64","Ticker
    0.41
Name: 2023-07-03 00:00:00, dtype: float64",1,"Ticker
AAPL   -2.28
Name: 2023-07-11 00:00:00, dtype: float64"
2023-08-08,ALIM,178.02,"Ticker
    23.42
Name: 2023-08-08 00:00:00, dtype: float64","Ticker
   -2.11
Name: 2023-08-08 00:00:00, dtype: float64",1,"Ticker
AAPL   -1.17
Name: 2023-08-15 00:00:00, dtype: float64"
2023-08-15,ALIM,175.93,"Ticker
    20.65
Name: 2023-08-15 00:00:00, dtype: float64","Ticker
   -1.66
Name: 2023-08-15 00:00:00, dtype: float64",1,"Ticker
AAPL   -0.12
Name: 2023-08-22 00:00:00, dtype: float64"
2023-08-22,ALIM,175.71,"Ticker
    21.96
Name: 2023-08-22 00:00:00, dtype: float64","Ticker
   -0.74
Name: 2023-08-22 00:00:00, dtype: float64",1,"Ticker
AAPL    3.89
Name: 2023-08-29 00:00:00, dtype: float64"
2023-08-29,ALIM,182.54,"Ticker
    61.42
Name: 2023-08-29 00:00:00, dtype: float64","Ticker
    0.75
Name: 2023-08-29 00:00:00, dtype: float64",1,"Ticker
AAPL   -0.66
Name: 2023-09-06 00:00:00, dtype: float64"
2023-09-06,ALIM,181.34,"Ticker
    59.18
Name: 2023-09-06 00:00:00, dtype: float64","Ticker
    1.3
Name: 2023-09-06 00:00:00, dtype: float64",1,"Ticker
AAPL   -4.76
Name: 2023-09-13 00:00:00, dtype: float64"
2023-10-04,ALIM,172.17,"Ticker
    45.6
Name: 2023-10-04 00:00:00, dtype: float64","Ticker
    0.01
Name: 2023-10-04 00:00:00, dtype: float64",1,"Ticker
AAPL    3.54
Name: 2023-10-11 00:00:00, dtype: float64"
2023-10-11,ALIM,178.26,"Ticker
    63.93
Name: 2023-10-11 00:00:00, dtype: float64","Ticker
    1.04
Name: 2023-10-11 00:00:00, dtype: float64",1,"Ticker
AAPL   -2.2
Name: 2023-10-18 00:00:00, dtype: float64"
2023-10-18,ALIM,174.33,"Ticker
    63.7
Name: 2023-10-18 00:00:00, dtype: float64","Ticker
    0.44
Name: 2023-10-18 00:00:00, dtype: float64",1,"Ticker
AAPL   -2.7
Name: 2023-10-25 00:00:00, dtype: float64"
2023-11-08,ALIM,181.32,"Ticker
    63.49
Name: 2023-11-08 00:00:00, dtype: float64","Ticker
    1.31
Name: 2023-11-08 00:00:00, dtype: float64",1,"Ticker
AAPL    2.93
Name: 2023-11-15 00:00:00, dtype: float64"
2023-11-15,ALIM,186.64,"Ticker
    89.03
Name: 2023-11-15 00:00:00, dtype: float64","Ticker
    1.56
Name: 2023-11-15 00:00:00, dtype: float64",1,"Ticker
AAPL    1.76
Name: 2023-11-22 00:00:00, dtype: float64"
2023-11-22,ALIM,189.92,"Ticker
    82.3
Name: 2023-11-22 00:00:00, dtype: float64","Ticker
    1.07
Name: 2023-11-22 00:00:00, dtype: float64",1,"Ticker
AAPL   -0.71
Name: 2023-11-30 00:00:00, dtype: float64"
2023-12-14,ALIM,196.67,"Ticker
    68.98
Name: 2023-12-14 00:00:00, dtype: float64","Ticker
    0.2
Name: 2023-12-14 00:00:00, dtype: float64",1,"Ticker
AAPL   -1.73
Name: 2023-12-21 00:00:00, dtype: float64"
2024-01-08,ALIM,184.21,"Ticker
    24.91
Name: 2024-01-08 00:00:00, dtype: float64","Ticker
   -1.74
Name: 2024-01-08 00:00:00, dtype: float64",1,"Ticker
AAPL   -1.04
Name: 2024-01-16 00:00:00, dtype: float64"
2024-01-16,ALIM,182.3,"Ticker
    27.89
Name: 2024-01-16 00:00:00, dtype: float64","Ticker
   -0.73
Name: 2024-01-16 00:00:00, dtype: float64",1,"Ticker
AAPL    6.29
Name: 2024-01-23 00:00:00, dtype: float64"
2024-01-23,ALIM,193.76,"Ticker
    67.68
Name: 2024-01-23 00:00:00, dtype: float64","Ticker
    0.99
Name: 2024-01-23 00:00:00, dtype: float64",1,"Ticker
AAPL   -3.66
Name: 2024-01-30 00:00:00, dtype: float64"
2024-01-30,ALIM,186.67,"Ticker
    55.83
Name: 2024-01-30 00:00:00, dtype: float64","Ticker
    0.36
Name: 2024-01-30 00:00:00, dtype: float64",1,"Ticker
AAPL    0.67
Name: 2024-02-06 00:00:00, dtype: float64"
2024-02-13,ALIM,183.93,"Ticker
    29.78
Name: 2024-02-13 00:00:00, dtype: float64","Ticker
   -0.28
Name: 2024-02-13 00:00:00, dtype: float64",1,"Ticker
AAPL   -1.47
Name: 2024-02-21 00:00:00, dtype: float64"
2024-05-09,ALIM,183.46,"Ticker
    80.12
Name: 2024-05-09 00:00:00, dtype: float64","Ticker
    1.85
Name: 2024-05-09 00:00:00, dtype: float64",1,"Ticker
AAPL    2.99
Name: 2024-05-16 00:00:00, dtype: float64"
2024-05-16,ALIM,188.96,"Ticker
    79.64
Name: 2024-05-16 00:00:00, dtype: float64","Ticker
    1.57
Name: 2024-05-16 00:00:00, dtype: float64",1,"Ticker
AAPL   -1.56
Name: 2024-05-23 00:00:00, dtype: float64"
2024-05-23,ALIM,186.01,"Ticker
    59.11
Name: 2024-05-23 00:00:00, dtype: float64","Ticker
    0.41
Name: 2024-05-23 00:00:00, dtype: float64",1,"Ticker
AAPL    2.87
Name: 2024-05-31 00:00:00, dtype: float64"
2024-06-07,ALIM,195.97,"Ticker
    66.92
Name: 2024-06-07 00:00:00, dtype: float64","Ticker
    0.04
Name: 2024-06-07 00:00:00, dtype: float64",1,"Ticker
AAPL    7.92
Name: 2024-06-14 00:00:00, dtype: float64"
2024-06-14,ALIM,211.5,"Ticker
    80.98
Name: 2024-06-14 00:00:00, dtype: float64","Ticker
    1.73
Name: 2024-06-14 00:00:00, dtype: float64",1,"Ticker
AAPL   -2.05
Name: 2024-06-24 00:00:00, dtype: float64"
2024-06-24,ALIM,207.17,"Ticker
    65.24
Name: 2024-06-24 00:00:00, dtype: float64","Ticker
    0.03
Name: 2024-06-24 00:00:00, dtype: float64",1,"Ticker
AAPL    4.14
Name: 2024-07-01 00:00:00, dtype: float64"
2024-07-09,ALIM,227.62,"Ticker
    66.09
Name: 2024-07-09 00:00:00, dtype: float64","Ticker
    0.93
Name: 2024-07-09 00:00:00, dtype: float64",1,"Ticker
AAPL    2.68
Name: 2024-07-16 00:00:00, dtype: float64"
2024-07-16,ALIM,233.73,"Ticker
    79.58
Name: 2024-07-16 00:00:00, dtype: float64","Ticker
    0.67
Name: 2024-07-16 00:00:00, dtype: float64",1,"Ticker
AAPL   -4.18
Name: 2024-07-23 00:00:00, dtype: float64"
2024-07-30,ALIM,217.78,"Ticker
    28.94
Name: 2024-07-30 00:00:00, dtype: float64","Ticker
   -2.28
Name: 2024-07-30 00:00:00, dtype: float64",1,"Ticker
AAPL   -5.29
Name: 2024-08-06 00:00:00, dtype: float64"
2024-08-06,ALIM,206.27,"Ticker
    20.09
Name: 2024-08-06 00:00:00, dtype: float64","Ticker
   -2.47
Name: 2024-08-06 00:00:00, dtype: float64",1,"Ticker
AAPL    6.9
Name: 2024-08-13 00:00:00, dtype: float64"
2024-08-20,ALIM,225.72,"Ticker
    56.22
Name: 2024-08-20 00:00:00, dtype: float64","Ticker
    1.07
Name: 2024-08-20 00:00:00, dtype: float64",1,"Ticker
AAPL    0.67
Name: 2024-08-27 00:00:00, dtype: float64"
2024-09-25,ALIM,225.58,"Ticker
    57.02
Name: 2024-09-25 00:00:00, dtype: float64","Ticker
    0.5
Name: 2024-09-25 00:00:00, dtype: float64",1,"Ticker
AAPL    0.18
Name: 2024-10-02 00:00:00, dtype: float64"
2024-10-02,ALIM,225.99,"Ticker
    55.38
Name: 2024-10-02 00:00:00, dtype: float64","Ticker
    0.33
Name: 2024-10-02 00:00:00, dtype: float64",1,"Ticker
AAPL    1.22
Name: 2024-10-09 00:00:00, dtype: float64"
2024-10-16,ALIM,230.97,"Ticker
    55.55
Name: 2024-10-16 00:00:00, dtype: float64","Ticker
    0.5
Name: 2024-10-16 00:00:00, dtype: float64",1,"Ticker
AAPL   -0.44
Name: 2024-10-23 00:00:00, dtype: float64"
2024-11-20,ALIM,228.45,"Ticker
    56.67
Name: 2024-11-20 00:00:00, dtype: float64","Ticker
    0.3
Name: 2024-11-20 00:00:00, dtype: float64",1,"Ticker
AAPL    2.59
Name: 2024-11-27 00:00:00, dtype: float64"
2024-11-27,ALIM,234.36,"Ticker
    68.02
Name: 2024-11-27 00:00:00, dtype: float64","Ticker
    1.03
Name: 2024-11-27 00:00:00, dtype: float64",1,"Ticker
AAPL    3.45
Name: 2024-12-05 00:00:00, dtype: float64"
2023-02-03,ALIM-AAPL,152.52,74.28,1.76,0,127.74
2023-02-03,ALIM-MSFT,253.21,62.27,2.51,0,37.19
2023-02-10,ALIM-AAPL,149.31,63.01,0.73,0,133.05
2023-02-10,ALIM-MSFT,257.86,62.2,1.84,0,34.94
2023-02-17,ALIM-AAPL,150.83,61.01,0.07,0,114.17
2023-02-17,ALIM-TSLA,208.31,66.27,1.43,0,55.07
2023-03-13,ALIM-INTC,26.3,51.01,0.18,0,1060.02
2023-03-13,ALIM-AMD,82.01,54.21,0.03,0,272.06
2023-03-20,ALIM-AAPL,155.62,63.46,0.42,0,110.55
2023-03-20,ALIM-MSFT,267.48,62.03,2.32,1,22.5
2023-03-27,ALIM-AAPL,156.49,60.77,0.47,1,122.55
2023-03-27,ALIM-MSFT,271.55,61.82,1.58,1,28.25
2023-04-03,ALIM-AAPL,164.3,71.21,0.72,1,105.85
2023-04-03,ALIM-MSFT,282.22,67.81,1.33,1,19.84
2023-04-11,ALIM-MSFT,277.89,57.61,0.03,1,20.08
2023-04-11,ALIM-GOOGL,104.72,59.54,0.19,0,218.65
2023-04-25,ALIM-AMZN,102.57,52.59,0.12,0,209.59
2023-05-02,ALIM-MSFT,300.08,66.58,1.37,1,10.68
2023-05-02,ALIM-META,237.93,71.22,1.87,1,39.59
2023-05-09,ALIM-AAPL,169.83,62.7,0.24,1,96.52
2023-05-09,ALIM-MSFT,301.64,64.45,0.71,1,10.65
2023-05-16,ALIM-GOOGL,118.8,74.81,1.22,1,199.66
2023-05-16,ALIM-AMZN,113.4,66.03,0.63,0,213.92
2023-05-23,ALIM-MSFT,310.43,63.33,0.06,1,27.32
2023-05-23,ALIM-GOOGL,121.83,71.76,1.13,1,224.41
2023-05-31,ALIM-AAPL,175.49,67.04,0.03,1,127.8
2023-05-31,ALIM-MSFT,323.36,67.79,0.77,1,23.63
2023-06-07,ALIM-AAPL,176.06,61.47,0.09,1,150.41
2023-06-07,ALIM-AMZN,121.23,60.32,0.33,1,263.66
2023-06-14,ALIM-AAPL,182.13,71.22,0.31,1,131.97
2023-06-14,ALIM-AMZN,126.42,66.04,0.01,1,234.19
2023-06-22,ALIM-AAPL,185.15,71.34,0.15,1,131.3
2023-06-22,ALIM-META,283.33,76.27,0.26,1,51.15
2023-06-29,ALIM-AAPL,187.71,72.03,0.14,1,133.39
2023-07-07,ALIM-AAPL,188.79,65.22,0.02,1,134.08
2023-07-14,ALIM-GOOGL,124.67,61.16,0.27,1,242.9
2023-07-14,ALIM-AMZN,134.68,67.02,0.01,1,217.42
2023-07-21,ALIM-MSFT,338.51,53.99,0.33,1,25.78
2023-07-28,ALIM-GOOGL,131.79,69.59,1.08,1,227.49
2023-07-28,ALIM-INTC,36.09,67.62,0.17,1,1095.76
2023-08-04,ALIM-GOOGL,127.35,57.39,0.39,1,231.11
2023-08-04,ALIM-AMZN,139.57,65.46,0.09,1,202.11
2023-08-11,ALIM-AMZN,138.41,60.1,0.55,1,192.27
2023-08-18,ALIM-AAPL,172.99,29.08,-1.34,1,140.49
2023-08-18,ALIM-TSLA,215.49,27.4,-4.6,1,93.06
2023-08-25,ALIM-AAPL,177.08,44.08,0.07,1,148.41
2023-08-25,ALIM-MSFT,318.71,46.16,0.37,1,38.02
2023-09-01,ALIM-AAPL,187.84,62.12,1.7,1,137.1
2023-09-01,ALIM-MSFT,324.31,52.4,1.35,1,37.32
2023-09-11,ALIM-MSFT,333.47,61.29,1.77,1,18.27
2023-09-11,ALIM-GOOGL,136.1,65.39,0.22,1,189.78
2023-09-18,ALIM-MSFT,324.71,48.69,0.42,1,18.51
2023-09-18,ALIM-GOOGL,137.39,64.68,0.09,1,180.09
2023-10-02,ALIM-META,305.15,55.83,0.25,1,26.48
2023-10-02,ALIM-NVDA,44.76,53.39,0.04,1,762.3
2023-10-09,ALIM-AAPL,177.45,55.37,0.8,1,103.33
2023-10-09,ALIM-MSFT,325.46,56.96,1.17,1,10.87
2023-10-16,ALIM-AAPL,177.19,53.45,0.91,1,129.61
2023-10-16,ALIM-MSFT,328.24,57.91,1.68,1,23.95
2023-10-23,ALIM-MSFT,324.96,53.1,0.57,1,26.19
2023-10-23,ALIM-TSLA,212.08,27.41,-5.33,1,93.36
2023-10-30,ALIM-MSFT,332.85,57.7,0.58,1,30.61
2023-10-30,ALIM-AMZN,132.71,55.05,0.25,1,227.59
2023-11-06,ALIM-AAPL,177.69,59.17,0.77,1,150.22
2023-11-06,ALIM-MSFT,351.81,69.98,2.5,1,26.38
2023-11-13,ALIM-AAPL,183.46,65.07,1.53,1,158.63
2023-11-13,ALIM-MSFT,361.83,70.71,2.67,1,31.13
2023-11-20,ALIM-AAPL,190.06,73.31,1.41,1,152.03
2023-11-20,ALIM-MSFT,373.2,71.57,1.62,1,28.35
2023-11-28,ALIM-AAPL,189.02,67.64,0.37,1,140.8
2023-11-28,ALIM-MSFT,378.4,71.53,0.47,1,20.28
2023-12-05,ALIM-TSLA,238.72,53.83,0.82,1,93.95
2023-12-12,ALIM-TSLA,237.01,50.93,0.01,1,108.86
2023-12-12,ALIM-AMD,137.61,75.73,1.08,1,259.73
2023-12-19,ALIM-GOOGL,135.84,57.2,0.21,1,262.05
2023-12-19,ALIM-AMZN,153.79,67.28,0.31,1,219.78
2023-12-27,ALIM-GOOGL,139.53,62.03,0.84,1,240.18
2023-12-27,ALIM-AMZN,153.34,63.86,0.11,1,209.55
2024-01-04,ALIM-AAPL,180.59,29.83,-1.9,1,172.57
2024-01-11,ALIM-MSFT,380.31,66.06,0.67,1,26.99
2024-01-11,ALIM-GOOGL,141.23,61.96,0.21,1,241.95
2024-01-19,ALIM-AAPL,190.17,56.97,0.2,1,199.96
2024-01-19,ALIM-MSFT,394.2,75.8,2.11,1,44.7
2024-01-26,ALIM-AAPL,191.02,55.63,0.95,1,195.59
2024-01-26,ALIM-MSFT,399.4,75.32,1.82,1,41.37
2024-02-02,ALIM-MSFT,406.6,68.85,0.6,1,38.05
2024-02-02,ALIM-AMZN,171.81,73.78,0.94,1,226.71
2024-02-09,ALIM-MSFT,415.83,71.34,0.68,1,40.43
2024-02-09,ALIM-AMZN,174.45,72.43,1.29,1,234.74
2024-02-16,ALIM-META,470.74,69.55,1.85,1,24.84
2024-02-16,ALIM-NVDA,72.58,77.33,0.21,1,709.65
2024-02-26,ALIM-NVDA,79.06,74.25,0.32,1,678.97
2024-02-26,ALIM-TSLA,199.4,50.11,2.62,0,208.84
2024-03-04,ALIM-AAPL,174.05,28.83,-0.63,1,245.27
2024-03-04,ALIM-AMZN,177.58,66.51,0.07,1,238.4
2024-03-11,ALIM-NVDA,85.74,65.74,0.4,1,621.24
2024-03-11,ALIM-INTC,44.4,52.75,0.27,1,1292.87
2024-03-18,ALIM-AAPL,172.68,40.29,0.16,0,263.37
2024-03-18,ALIM-MSFT,413.4,57.02,0.55,1,51.78
2024-03-25,ALIM-AAPL,169.82,39.11,0.35,0,261.67
2024-03-25,ALIM-MSFT,418.89,57.83,0.99,1,46.63
2024-04-02,ALIM-AAPL,167.83,38.41,0.1,0,268.36
2024-04-02,ALIM-GOOGL,153.64,68.32,1.2,1,302.37
2024-04-09,ALIM-AAPL,168.65,42.26,0.16,0,266.15
2024-04-09,ALIM-GOOGL,155.67,66.34,0.48,1,296.69
2024-04-16,ALIM-AAPL,168.36,44.19,0.61,0,243.16
2024-04-23,ALIM-INTC,33.93,26.81,-0.33,1,1523.06
2024-04-30,ALIM-AAPL,169.31,49.29,0.57,0,257.93
2024-04-30,ALIM-GOOGL,161.81,58.65,0.57,1,274.51
2024-05-07,ALIM-AAPL,181.31,64.5,1.82,0,238.47
2024-05-07,ALIM-MSFT,405.49,50.49,0.76,1,51.34
2024-05-14,ALIM-AAPL,186.56,68.98,1.65,0,248.74
2024-05-14,ALIM-MSFT,412.65,55.75,1.91,1,57.67
2024-05-21,ALIM-AAPL,191.45,74.13,1.17,0,241.92
2024-05-21,ALIM-MSFT,425.78,64.24,2.58,1,53.75
2024-05-29,ALIM-MSFT,425.9,61.85,1.56,1,52.68
2024-05-29,ALIM-META,472.27,50.88,1.91,1,37.69
2024-06-05,ALIM-AAPL,194.96,72.27,0.07,0,233.44
2024-06-05,ALIM-META,492.88,61.95,2.49,1,31.89
2024-06-12,ALIM-AAPL,212.08,78.94,1.27,0,220.18
2024-06-12,ALIM-MSFT,437.7,68.43,1.23,1,55.13
2024-06-20,ALIM-AAPL,208.7,65.27,1.08,1,227.9
2024-06-20,ALIM-MSFT,442.31,68.9,1.96,1,54.72
2024-06-27,ALIM-MSFT,449.4,71.83,1.14,1,53.68
2024-06-27,ALIM-GOOGL,184.52,70.53,0.57,1,274.3
2024-07-05,ALIM-AAPL,225.29,74.66,0.62,1,187.46
2024-07-05,ALIM-MSFT,464.0,75.67,1.22,1,39.57
2024-07-12,ALIM-AAPL,229.47,70.83,0.67,1,176.01
2024-07-12,ALIM-TSLA,248.23,69.3,4.06,0,155.14
2024-07-19,ALIM-INTC,32.77,51.72,0.12,0,1826.55
2024-08-02,ALIM-MSFT,405.38,29.8,-3.86,1,56.38
2024-08-02,ALIM-META,486.47,50.69,0.89,1,30.31
2024-08-09,ALIM-META,516.0,59.83,4.94,1,30.63
2024-08-09,ALIM-INTC,19.71,22.16,-1.27,0,3319.94
2024-08-16,ALIM-AAPL,225.26,60.96,0.83,1,204.86
2024-08-16,ALIM-MSFT,416.03,47.93,1.98,1,65.07
2024-08-23,ALIM-AAPL,226.05,60.65,0.83,1,210.27
2024-08-23,ALIM-MSFT,414.36,46.4,2.14,1,69.26
2024-08-30,ALIM-AAPL,228.2,61.71,0.54,1,195.98
2024-08-30,ALIM-MSFT,414.71,48.54,0.93,1,62.86
2024-09-09,ALIM-GOOGL,148.19,27.11,-1.05,1,370.01
2024-09-09,ALIM-AMZN,175.4,49.44,0.4,1,297.09
2024-09-16,ALIM-MSFT,428.83,62.23,2.96,1,64.49
2024-09-16,ALIM-GOOGL,157.51,46.82,0.32,1,347.83
2024-09-23,ALIM-AAPL,225.68,56.06,0.42,1,214.29
2024-09-23,ALIM-MSFT,430.99,59.47,2.51,1,64.57
2024-09-30,ALIM-AAPL,232.18,64.9,0.82,1,202.31
2024-09-30,ALIM-MSFT,427.8,55.06,0.26,1,64.08
2024-10-07,ALIM-GOOGL,162.41,50.77,0.68,1,339.01
2024-10-07,ALIM-META,583.34,69.43,2.29,1,22.23
2024-10-14,ALIM-AAPL,230.49,58.14,0.23,1,234.97
2024-10-14,ALIM-GOOGL,164.38,55.08,0.03,1,369.68
2024-10-21,ALIM-AAPL,235.65,63.42,0.74,1,217.89
2024-10-21,ALIM-AMZN,189.07,56.64,0.03,1,296.21
2024-10-28,ALIM-MSFT,424.11,56.51,1.18,1,78.14
2024-10-28,ALIM-GOOGL,166.14,58.32,0.07,1,354.75
2024-11-04,ALIM-GOOGL,168.65,57.12,0.61,1,377.59
2024-11-04,ALIM-AMZN,195.78,60.11,0.7,1,311.4
2024-11-11,ALIM-MSFT,415.58,48.18,0.0,1,103.82
2024-11-11,ALIM-GOOGL,179.72,68.95,1.25,1,371.32
2024-11-18,ALIM-AMZN,201.7,54.16,0.14,1,329.15
2024-11-18,ALIM-TSLA,338.74,68.42,5.49,1,155.53
2024-11-25,ALIM-AAPL,232.31,60.24,0.68,1,288.35
2024-11-25,ALIM-TSLA,338.59,63.43,1.87,1,166.45
2024-12-03,ALIM-AAPL,242.07,73.03,1.59,1,277.31
2024-12-03,ALIM-MSFT,429.55,59.7,1.52,0,112.63
2024-12-10,ALIM-AAPL,247.17,78.1,1.49,1,271.86
2024-12-10,ALIM-MSFT,441.63,65.75,2.61,0,108.12
2024-12-17,ALIM-AAPL,252.87,80.92,1.05,1,268.62
2024-12-17,ALIM-MSFT,452.72,71.08,1.91,1,105.89
2024-12-24,ALIM-AAPL,257.58,75.75,0.68,1,244.26
2024-12-24,ALIM-GOOGL,195.65,65.88,0.87,1,353.23
2025-01-02,ALIM-NVDA,138.29,51.42,0.31,1,505.76
2025-01-02,ALIM-INTC,20.22,42.55,0.11,0,4042.88
2025-01-10,ALIM-META,614.84,55.37,0.56,1,39.56
2025-01-10,ALIM-NVDA,135.89,46.68,0.33,1,531.48
2025-01-17,ALIM-INTC,21.49,58.85,0.2,0,4422.52
2025-01-17,ALIM-AMD,121.46,45.1,0.34,0,700.17
2025-01-27,ALIM-MSFT,432.9,52.46,2.13,1,126.14
2025-01-27,ALIM-AMZN,235.42,64.91,1.13,1,315.83
2025-02-03,ALIM-AAPL,227.46,41.11,0.47,1,351.77
2025-02-03,ALIM-GOOGL,200.76,59.31,0.19,1,411.87
2025-02-10,ALIM-AAPL,227.35,42.03,0.06,1,355.62
2025-02-10,ALIM-META,716.21,80.22,5.09,1,44.63
2025-02-18,ALIM-AAPL,244.15,60.45,1.97,1,300.26
2025-02-18,ALIM-META,715.18,68.1,1.08,1,36.64
2025-02-25,ALIM-AAPL,246.72,62.91,1.68,1,294.21
2025-02-25,ALIM-NVDA,126.61,42.94,0.11,1,668.17
2025-03-04,ALIM-AMZN,203.8,29.26,-2.51,1,339.21
2025-03-04,ALIM-TSLA,272.04,26.47,-6.19,1,229.03
2025-03-11,ALIM-TSLA,230.58,24.49,-6.53,1,303.32
2025-03-18,ALIM-MSFT,382.82,39.34,0.15,0,160.51
2025-03-18,ALIM-NVDA,115.42,44.04,0.4,1,764.03
2025-03-25,ALIM-AAPL,223.46,47.18,0.1,1,315.46
2025-03-25,ALIM-MSFT,394.44,49.97,2.0,0,135.37
2025-04-01,ALIM-AAPL,222.9,48.12,1.07,1,290.49
2025-04-01,ALIM-MSFT,381.49,42.36,0.16,0,128.16
2025-04-08,ALIM-AAPL,172.19,20.06,-4.34,0,466.96
2025-04-08,ALIM-MSFT,353.91,27.65,-2.58,0,175.86
2025-04-15,ALIM-AAPL,201.88,45.48,0.1,0,419.92
2025-04-15,ALIM-MSFT,385.02,50.91,2.29,0,172.6
2025-04-23,ALIM-AAPL,204.33,49.04,1.46,0,453.86
2025-04-23,ALIM-GOOGL,155.16,47.7,0.74,0,629.38
2025-04-30,ALIM-AAPL,212.22,54.2,2.9,0,444.44
2025-04-30,ALIM-MSFT,394.54,57.59,3.27,0,192.85
2025-05-07,ALIM-AAPL,195.99,41.49,0.13,0,487.26
2025-05-07,ALIM-MSFT,432.56,70.17,6.67,0,166.09
2025-05-14,ALIM-AAPL,212.33,56.12,1.53,0,462.63
2025-05-14,ALIM-MSFT,452.11,76.3,4.63,0,164.23
2025-05-21,ALIM-AAPL,202.09,45.12,0.39,0,486.3
2025-05-21,ALIM-MSFT,452.57,71.23,1.43,0,161.81
2025-05-29,ALIM-GOOGL,171.65,60.8,1.11,0,628.52
2025-05-29,ALIM-AMZN,205.7,58.85,0.1,0,507.93
2025-06-05,ALIM-META,684.09,70.62,2.73,0,77.61
2025-06-05,ALIM-NVDA,139.98,65.61,0.14,0,768.0
2025-06-12,ALIM-GOOGL,175.7,61.06,0.55,0,600.86
2025-06-12,ALIM-AMZN,213.24,61.95,0.36,0,477.48
2025-06-20,ALIM-INTC,21.08,52.74,0.1,0,6176.66
2025-06-20,ALIM-AMD,128.24,67.32,0.56,0,931.75
